{
  "name": "t:sections.header.name",
  "type": "header",
  "sections": {
    "announcement-bar": {
      "type": "announcement-bar",
      "blocks": {
        "announcement-bar-0": {
          "type": "announcement",
          "settings": {
            "text": "Free shipping on orders over £20 • 30-day money-back guarantee",
            "text_alignment": "center",
            "color_scheme": "scheme-4",
            "link": ""
          }
        }
      },
      "block_order": [
        "announcement-bar-0"
      ]
    },
    "header": {
      "type": "header",
      "settings": {
        "color_scheme": "scheme-1",
        "logo_position": "middle-center",
        "menu": "main-menu",
        "menu_type_desktop": "drawer",
        "sticky_header_type": "on-scroll-up",
        "show_line_separator": false,
        "enable_country_selector": false,
        "enable_language_selector": false,
        "mobile_logo_position": "center",
        "margin_bottom": 0,
        "padding_top": 20,
        "padding_bottom": 20,
        "show_search": false,
        "show_cart": false
      }
    }
  },
  "order": [
    "announcement-bar",
    "header"
  ]
}
