{
  "sections": {
    "hero": {
      "type": "lumelle-react-hero",
      "settings": {}
    },
    "trust_bar": {
      "type": "lumelle-react-trust-bar",
      "settings": {}
    },
    "product_spotlight": {
      "type": "lumelle-react-product-spotlight",
      "settings": {}
    },
    "reviews": {
      "type": "lumelle-react-reviews",
      "settings": {}
    },
    "tiktok": {
      "type": "lumelle-react-tiktok",
      "settings": {}
    },
    "bundle_cards": {
      "type": "lumelle-react-bundle-cards",
      "settings": {}
    },
    "faq": {
      "type": "lumelle-react-faq",
      "settings": {}
    },
    "final_cta": {
      "type": "lumelle-react-cta",
      "settings": {}
    },
    "email_capture": {
      "type": "lumelle-react-email",
      "settings": {}
    },
    "footer": {
      "type": "lumelle-react-footer",
      "settings": {}
    }
  },
  "order": [
    "hero",
    "trust_bar",
    "product_spotlight",
    "reviews",
    "tiktok",
    "bundle_cards",
    "final_cta",
    "faq",
    "email_capture",
    "footer"
  ]
}
