{
  "sections": {
    "pdp_gallery": {
      "type": "lumelle-react-pdp-gallery"
    },
    "pdp_price": {
      "type": "lumelle-react-pdp-price"
    },
    "pdp_howto": {
      "type": "lumelle-react-pdp-howto"
    },
    "pdp_reviews": {
      "type": "lumelle-react-pdp-reviews"
    },
    "pdp_features": {
      "type": "lumelle-react-pdp-features"
    },
    "pdp_essentials": {
      "type": "lumelle-react-pdp-essentials"
    },
    "pdp_tiktok": {
      "type": "lumelle-react-pdp-tiktok"
    },
    "pdp_faq": {
      "type": "lumelle-react-pdp-faq"
    },
    "pdp_bottom_cta": {
      "type": "lumelle-react-pdp-bottom-cta"
    },
    "trust_badges": {
      "type": "lumelle-react-trust-bar"
    },
    "related-products": {
      "type": "related-products",
      "settings": {
        "heading": "You may also like",
        "heading_size": "h2",
        "columns_desktop": 4,
        "color_scheme": "scheme-1",
        "image_ratio": "square",
        "show_secondary_image": true,
        "show_vendor": false,
        "show_rating": false,
        "columns_mobile": "2",
        "padding_top": 36,
        "padding_bottom": 28
      }
    }
  },
  "order": [
    "pdp_gallery",
    "pdp_price",
    "pdp_howto",
    "pdp_reviews",
    "pdp_features",
    "pdp_essentials",
    "pdp_tiktok",
    "pdp_faq",
    "pdp_bottom_cta",
    "trust_badges",
    "related-products"
  ]
}
