{
  "sections": {
    "pdp_gallery": {
      "type": "lumelle-react-pdp-gallery"
    },
    "pdp_essentials": {
      "type": "lumelle-react-pdp-essentials"
    },
    "pdp_howto": {
      "type": "lumelle-react-pdp-howto"
    },
    "pdp_faq": {
      "type": "lumelle-react-pdp-faq"
    },
    "pdp_reviews": {
      "type": "lumelle-react-pdp-reviews"
    },
    "trust_badges": {
      "type": "lumelle-react-trust-bar"
    }
  },
  "order": [
    "pdp_gallery",
    "pdp_essentials",
    "pdp_howto",
    "pdp_faq",
    "pdp_reviews",
    "trust_badges"
  ]
}
