{
  "sections": {
    "main": {
      "type": "main-product",
      "blocks": {
        "vendor": {
          "type": "text",
          "settings": {
            "text": "{{ product.vendor }}",
            "text_style": "uppercase"
          }
        },
        "title": {
          "type": "title"
        },
        "caption": {
          "type": "text",
          "settings": {
            "text": "{{ product.metafields.descriptors.subtitle.value }}",
            "text_style": "subtitle"
          }
        },
        "price": {
          "type": "price"
        },
        "variant_picker": {
          "type": "variant_picker",
          "settings": {
            "picker_type": "button"
          }
        },
        "quantity_selector": {
          "type": "quantity_selector"
        },
        "buy_buttons": {
          "type": "buy_buttons",
          "settings": {
            "show_dynamic_checkout": true,
            "show_gift_card_recipient": true
          }
        },
        "description": {
          "type": "description"
        },
        "share": {
          "type": "share",
          "settings": {
            "share_label": "Share"
          }
        }
      },
      "block_order": [
        "vendor",
        "title",
        "caption",
        "price",
        "variant_picker",
        "quantity_selector",
        "buy_buttons",
        "description",
        "share"
      ],
      "settings": {
        "enable_sticky_info": true,
        "gallery_layout": "stacked",
        "media_size": "large",
        "constrain_to_viewport": true,
        "mobile_thumbnails": "hide",
        "hide_variants": true,
        "enable_video_looping": false,
        "padding_top": 36,
        "padding_bottom": 12,
        "color_scheme": "scheme-1"
      }
    },
    "add_to_cart": {
      "type": "lumelle-react-add-to-cart"
    },
    "pdp_gallery": {
      "type": "lumelle-react-pdp-gallery"
    },
    "pdp_essentials": {
      "type": "lumelle-react-pdp-essentials"
    },
    "pdp_howto": {
      "type": "lumelle-react-pdp-howto"
    },
    "pdp_faq": {
      "type": "lumelle-react-pdp-faq"
    },
    "pdp_reviews": {
      "type": "lumelle-react-pdp-reviews"
    },
    "trust_badges": {
      "type": "lumelle-react-trust-bar"
    },
    "related-products": {
      "type": "related-products",
      "settings": {
        "heading": "You may also like",
        "heading_size": "h2",
        "columns_desktop": 4,
        "color_scheme": "scheme-1",
        "image_ratio": "square",
        "show_secondary_image": true,
        "show_vendor": false,
        "show_rating": false,
        "columns_mobile": "2",
        "padding_top": 36,
        "padding_bottom": 28
      }
    }
  },
  "order": [
    "main",
    "add_to_cart",
    "pdp_gallery",
    "pdp_essentials",
    "pdp_howto",
    "pdp_faq",
    "pdp_reviews",
    "trust_badges",
    "related-products"
  ]
}
